activity,sensor,axis,snr_db,mse,rmse,nrmse,correlation,smoothness_improvement,lag_samples,freq_distortion,peak_preservation_ratio,dynamic_range_ratio
Walking,accelerometer,x,3.178358548555533,1.2531354198518083,1.1194353129376473,0.06523803488697132,0.8292363522908691,5.716859150163863,0,49.95484410047062,0.4567699836867863,0.5851820845507965
Walking,accelerometer,y,17.288660328530916,1.5050640759750524,1.2268105297783567,0.03349516416689092,0.9875900543625442,3.6767621305433735,0,53.20314906802135,0.4504347826086956,0.7414694731317187
Walking,accelerometer,z,12.679920807618588,0.6720829031829946,0.8198066254812745,0.050273580389662016,0.9491662900854476,2.2830871568667055,0,36.93757295299777,0.4879518072289157,0.7857876963686947
Walking,gyroscope,x,10.299435941607483,0.02244077451306898,0.14980245162569597,0.04198735274878852,0.9651560085246325,1.8139736522145316,0,6.398506052992175,0.5033407572383074,0.8033160311959765
Walking,gyroscope,y,6.88777497267685,0.12660742143586654,0.35581936630243516,0.04940964594243383,0.9287918009896836,2.5979068679985446,0,15.279927859588735,0.5061728395061729,0.7600088803268993
Walking,gyroscope,z,10.180767368994982,0.07361734884209149,0.2713251717811886,0.03886150151942022,0.9620800606420944,2.1796567115594208,0,11.681597828344323,0.46247464503042596,0.8103389054154603
