activity,sensor,axis,snr_db,mse,rmse,nrmse,correlation,smoothness_improvement,lag_samples,freq_distortion,peak_preservation_ratio,dynamic_range_ratio
Standing,accelerometer,x,10.265164003358624,0.03611747573246471,0.19004598320528826,0.027900738357779748,0.950730953575358,9.636507926271552,1,8.397668188404685,0.39514066496163686,0.5469244288144661
Standing,accelerometer,y,37.23369127391645,0.015246274734211189,0.12347580627074758,0.00539634313369446,0.9998778471015928,1.2281803773057192,0,5.419901064254958,0.44052287581699345,0.8914931463809529
Standing,accelerometer,z,29.10599124599877,0.011305560214092902,0.10632760795810701,0.01584955908318583,0.9957020960410389,2.3208902680453467,0,4.679225057026558,0.42370572207084467,0.7987152034142183
Standing,gyroscope,x,7.2335049996468195,0.0005197308059942768,0.02279760526884955,0.018122543951455766,0.9326635415883663,2.3699456834805663,0,0.9907368146701356,0.45790554414784396,0.7605380215451344
Standing,gyroscope,y,10.017509286473905,0.002450322129538521,0.04950072857583534,0.012232976121077823,0.9404665621170865,2.9064503124013226,0,2.1041199301733946,0.4328018223234624,0.6558343210690026
Standing,gyroscope,z,10.151685970569226,0.001002067059557314,0.03165544281094981,0.01053134828167423,0.9638646366299286,2.214257706883376,0,1.3704628067143134,0.41832669322709165,0.7580337750734025
