activity,sensor,axis,snr_db,mse,rmse,nrmse,correlation,smoothness_improvement,lag_samples,freq_distortion,peak_preservation_ratio,dynamic_range_ratio
Standing,accelerometer,x,13.817079661619019,0.01675148434702932,0.12942752546127628,0.019001314646514784,0.97749005171653,2.6848191908359142,0,6.07329230862534,0.9910485933503836,0.8959578207249834
Standing,accelerometer,y,43.42241684735601,0.0036705648400241265,0.06058518663851855,0.0026477936511990307,0.9999705642572065,1.0502479501698152,0,2.8307966012092822,1.0026143790849673,0.9999999999956297
Standing,accelerometer,z,34.41269574487162,0.0033458029120591428,0.057842915832962145,0.008622264053936877,0.998728426295225,1.0744508283847147,0,2.637061472612437,1.0068119891008174,0.9999999999850937
Standing,gyroscope,x,12.31627224088109,0.00020471713181710865,0.014307939467900634,0.011373837681806782,0.9727575454684974,1.007280195328424,0,0.5645945334374645,1.057494866529774,0.9999999999205068
Standing,gyroscope,y,12.840637801619955,0.0014161777074222115,0.037632136631105755,0.009299924304915871,0.9651380835412505,1.218174150531663,0,1.7273253915503846,1.0569476082004556,0.8435730277679059
Standing,gyroscope,z,19.822722318821587,0.00013397952955020425,0.01157495268025767,0.003850834080814887,0.9948822105752972,1.0007831053265177,0,0.4975263974111039,1.0398406374501992,0.9999999999667313
