mean,std,min,max,range,variance,truth,mean_error,abs_mean_error,rmse,max_error,percent_error,file,filter
116.71377358490571,1.4057365564104796,112.212,121.353,9.140999999999991,1.9760952660287936,120.0,-3.28622641509434,3.3161037735849064,3.572962092327255,7.787999999999997,2.7385220125785756,distorted_120,outlier
158.77299999999983,3.5775501258522002,139.772,183.848,44.07600000000002,12.798864902985095,160.0,-1.2270000000000012,2.540695167286245,3.7758197096198742,23.848000000000013,0.766875000000109,distorted_160,outlier
20.26528861788618,2.216423344690795,12.519,27.389,14.87,4.91253244289033,20.0,0.26528861788617886,1.6082479674796755,2.2277658875190376,7.481,1.3264430894309065,distorted_20,outlier
142.14882805429852,94.58676517768953,0.051,470.15,470.099,8946.65614677938,200.0,-57.851171945701374,63.29068325791861,110.69296109180345,270.15,28.925585972850744,distorted_200,outlier
279.02248795180725,70.99042185651894,-1.0,300.554,301.554,5039.639995366522,300.0,-20.977512048192732,20.99071686746984,73.81962293332359,301.0,6.992504016064251,distorted_300,outlier
34.7173152173913,7.38623055063201,-1.0,42.583,43.583,54.55640174708964,40.0,-5.282684782608698,5.364923913043481,9.064582620070656,41.0,13.206711956521744,distorted_40,outlier
76.99069696969698,4.569389891149431,52.976,92.37,39.394000000000005,20.879323977338604,80.0,-3.0093030303030304,3.9029307359307346,5.463043293041435,27.024,3.76162878787877,distorted_80,outlier
