activity,sensor,axis,snr_db,mse,rmse,nrmse,correlation,smoothness_improvement,lag_samples,freq_distortion,peak_preservation_ratio,dynamic_range_ratio
Sitting,accelerometer,x,25.528338210069027,0.15009929036213987,0.3874264967218167,0.015271673913323878,0.9973973179137383,16.723806794078143,1,18.43713948312285,0.7527573529411765,0.6335611840979495
Sitting,accelerometer,y,19.251717876570172,0.14725110566208652,0.3837331177551483,0.01678634498487207,0.9939362276988563,10.084774545268882,1,16.603777551668664,0.6955252918287937,0.8629595101263686
Sitting,accelerometer,z,24.083229381711533,0.11880530165672681,0.34468144953961016,0.016559131203328442,0.9978057208430791,8.349345946744107,2,14.112676151082436,0.7188644688644689,0.831085292867141
Sitting,gyroscope,x,8.676547260628672,0.00273577392617795,0.05230462624068687,0.015854985564346148,0.9403242217896467,4.728984411676875,3,1.791192455102083,0.5848806366047745,0.8303807717425259
Sitting,gyroscope,y,2.7188527968031133,0.009606093945720946,0.09801068281427767,0.017910196228221393,0.7608768233468193,10.919690838805531,2,4.203363915482698,0.628498727735369,0.4654928621583229
Sitting,gyroscope,z,5.884797253828641,0.004692097732839562,0.0684988885518558,0.015316690058701843,0.8958897527272768,13.55560584892594,2,3.1549249167807045,0.5858823529411765,0.5253507300741332
