mean,std,min,max,range,variance,truth,mean_error,abs_mean_error,rmse,max_error,percent_error,file,filter
116.61466037735853,1.1167853653931252,114.099,119.21,5.11099999999999,1.2472095523562563,120.0,-3.3853396226415104,3.3853396226415104,3.563965607165229,5.900999999999996,2.821116352201223,distorted_120,median
151.27059851301073,32.81565365050418,0.051,164.76,164.709,1076.8671245098483,160.0,-8.729401486988854,9.274115241635698,33.8978812216885,159.949,5.455875929368297,distorted_160,median
20.13524796747969,2.411351105622672,0.051,25.125,25.074,5.814614154587683,20.0,0.13524796747967469,1.5522560975609774,2.410242627701667,19.949,0.6762398373984446,distorted_20,median
107.61418099547488,98.0283117028574,0.051,211.014,210.96300000000002,9609.549895312568,200.0,-92.38581900452495,92.536298642534,134.5407273736332,199.949,46.19290950226256,distorted_200,median
284.88199378882,57.43739881258737,0.051,300.451,300.40000000000003,3299.054782356213,300.0,-15.11800621118011,15.132428571428552,59.220924263849454,299.949,5.039335403726663,distorted_300,median
34.76263736263738,6.937808393450467,0.051,40.474,40.422999999999995,48.13318530423176,40.0,-5.237362637362641,5.242571428571433,8.677481469202435,39.949,13.093406593406556,distorted_40,median
76.62410822510817,4.682910727265759,57.778,83.812,26.034,21.929652879540726,80.0,-3.375891774891776,4.075017316017315,5.764665176146277,22.222,4.219864718614783,distorted_80,median
