activity,sensor,axis,snr_db,mse,rmse,nrmse,correlation,smoothness_improvement,lag_samples,freq_distortion,peak_preservation_ratio,dynamic_range_ratio
Sitting,accelerometer,x,29.7284669376604,0.057277827732489135,0.23932786660246888,0.00943388531256996,0.9990071690738678,3.7308610621571456,0,13.086880281429991,0.4430147058823529,0.6828048320093886
Sitting,accelerometer,y,30.48142499483118,0.011185696853571939,0.10576245483900201,0.004626561980785985,0.9995402381508081,1.336346193405291,0,5.445762573250867,0.42996108949416345,0.936740678672065
Sitting,accelerometer,z,34.5391690894798,0.010729586887748312,0.10358371922145058,0.004976352511595262,0.9998021381029395,1.4480198469402863,0,5.462100459086297,0.42765567765567764,0.8998159650290334
Sitting,gyroscope,x,22.19829808834081,0.00013967812944373182,0.011818550225968151,0.003582530966992418,0.997050510115486,1.5561957495787875,0,0.6190082923235602,0.41909814323607425,0.9329590888615059
Sitting,gyroscope,y,13.99496090915697,0.0010382208441683052,0.03222143454547462,0.005888054229331155,0.9792587596863649,1.4378304632842303,0,1.6710299003511724,0.4223918575063613,0.7823440619226952
Sitting,gyroscope,z,10.677109953150532,0.0017661502290795684,0.04202559016931908,0.009397129687296923,0.9627139184528991,4.3959809527758456,0,2.236597147920527,0.38588235294117645,0.5566478982209371
