activity,sensor,axis,snr_db,mse,rmse,nrmse,correlation,smoothness_improvement,lag_samples,freq_distortion,peak_preservation_ratio,dynamic_range_ratio
Sitting,accelerometer,x,27.101276591861566,0.10475998549435563,0.3236664726139481,0.012758365440309965,0.9981831699725052,31.554144552785036,0,16.506055265548916,0.13511029411764705,0.6410357023197029
Sitting,accelerometer,y,21.753455473123957,0.08278375549813165,0.28772166324093784,0.01258633898225421,0.9965922337526032,15.351878970485519,0,13.732066727792539,0.14980544747081712,0.8348216791051757
Sitting,accelerometer,z,27.062607504821333,0.05990486217972442,0.24475469797273436,0.011758466148308859,0.9988938276180636,11.630407730615484,0,11.23052248119808,0.152014652014652,0.8356910877113339
Sitting,gyroscope,x,13.50848500439406,0.0009576888582726735,0.030946548406448716,0.00938075871133766,0.9798078094257662,5.244781875179098,0,1.2899386021178085,0.1976127320954907,0.8406550009458128
Sitting,gyroscope,y,3.3891627786207557,0.008346592068021502,0.09135968513530189,0.01669481163826169,0.8006427854038289,26.962964868614154,0,3.901025618163079,0.19720101781170485,0.41092472995409995
Sitting,gyroscope,z,7.409927620160843,0.0034782417017786955,0.058976619958918425,0.013187463734345938,0.9242244218930965,26.469252542101273,0,2.828319096378146,0.17882352941176471,0.46937881244330054
