activity,sensor,axis,snr_db,mse,rmse,nrmse,correlation,smoothness_improvement,lag_samples,freq_distortion,peak_preservation_ratio,dynamic_range_ratio
Walking,accelerometer,x,8.821218398953404,0.4656435853447047,0.6823808213488306,0.039767535752049984,0.9403128043904292,1.1959447569668176,0,32.07609171949167,1.032626427406199,0.9416771312907309
Walking,accelerometer,y,18.113749955647314,1.2458785527478136,1.1161892996924014,0.030474912732676458,0.9898035827538846,1.2386599702674794,0,51.31408604069416,1.1078260869565217,0.8648189305767996
Walking,accelerometer,z,17.753319240857923,0.23587229096419757,0.48566685182766756,0.029782891183172094,0.9812402867437198,0.9777435503525802,0,22.794268148055643,1.0461847389558232,0.9999999999938677
Walking,gyroscope,x,8.126088935979705,0.0402630312610927,0.20065650066990778,0.05624097058181771,0.9320919084392965,0.8966341269536398,0,8.559601762102456,1.0712694877505569,0.9276672018859449
Walking,gyroscope,y,9.055598653153252,0.09689418016635079,0.3112783001854623,0.04322460230749129,0.9430215716020522,0.9520399153535197,0,13.856897952069724,1.0658436213991769,0.9517501664931111
Walking,gyroscope,z,4.804614698856955,0.21863109510054105,0.46758004138386944,0.06697079511422474,0.8779706528319311,0.8044630179752844,0,19.68710185792587,1.1156186612576064,0.9725784291136175
