activity,sensor,axis,snr_db,mse,rmse,nrmse,correlation,smoothness_improvement,lag_samples,freq_distortion,peak_preservation_ratio,dynamic_range_ratio
Standing,accelerometer,x,10.395315167157428,0.0350039361675934,0.1870933888933369,0.02746726662643862,0.9522791886389086,27.315665421414895,0,8.258735112263427,0.639386189258312,0.6400569240457092
Standing,accelerometer,y,24.87908541847508,0.2614298182953535,0.5113020812546664,0.022345766014859974,0.9979103208255051,10.261605845212449,1,19.768586702486402,0.6888888888888889,0.8505564452934009
Standing,accelerometer,z,22.922561740286092,0.04687120396478431,0.2164975842008042,0.03227187480329296,0.9820066848144526,11.937217516654234,1,7.828277497989233,0.6158038147138964,0.6495224194116616
Standing,gyroscope,x,-0.41623900713927386,0.0019017053617915555,0.04360854688924587,0.03466582556981693,0.7061740764454986,11.260166014116367,1,1.548123852580348,0.5790554414784395,0.630745693358062
Standing,gyroscope,y,5.0859389049047685,0.0067005137455147514,0.08185666585877262,0.02022900808959484,0.8223153462711722,11.56750603706633,1,2.945553952859112,0.5216400911161732,0.4983161561762497
Standing,gyroscope,z,0.7212487428812137,0.005508579637632466,0.07421980623548183,0.024691950560674625,0.7635086389638245,8.106285851670364,2,2.5546750012831105,0.549800796812749,0.5320444706206515
