mean,std,min,max,range,variance,truth,mean_error,abs_mean_error,rmse,max_error,percent_error,file,filter
112.42484433962261,8.91772038907592,62.677,118.75,56.073,79.52573693774036,120.0,-7.575155660377356,7.575155660377356,11.684759253661912,57.323,6.312629716981159,distorted_120,ema
135.66826022304843,22.378028225646972,59.508,159.846,100.338,500.77614726785254,160.0,-24.331739776951682,24.331739776951682,33.02950327322281,100.49199999999999,15.207337360594728,distorted_160,ema
20.93460162601626,4.808065973332284,13.612,45.338,31.726,23.11749840391572,20.0,0.9346016260162598,2.642869918699185,4.888456303632091,25.338,4.6730081300813,distorted_20,ema
120.57524434389141,56.916265637689406,11.634,263.73,252.096,3239.4612941400237,200.0,-79.42475565610859,82.60671040723977,97.63756914872206,188.36599999999999,39.712377828054294,distorted_200,ema
269.35827329192546,60.89290571928182,0.051,300.019,299.968,3707.945966937345,300.0,-30.64172670807453,30.641962732919254,67.9987548584394,299.949,10.213908902691514,distorted_300,ema
32.7480934065934,6.730581879655044,0.051,40.255,40.204,45.30073243874082,40.0,-7.251906593406592,7.254708791208791,9.881395476092687,39.949,18.129766483516505,distorted_40,ema
75.3081558441558,6.67831017431076,46.344,85.347,39.00299999999999,44.59982678430262,80.0,-4.691844155844155,5.4231774891774895,8.149856165835658,33.656,5.864805194805243,distorted_80,ema
