activity,sensor,axis,snr_db,mse,rmse,nrmse,correlation,smoothness_improvement,lag_samples,freq_distortion,peak_preservation_ratio,dynamic_range_ratio
Standing,accelerometer,x,10.101520058568799,0.03629727311310205,0.19051843247597344,0.02797009885288936,0.9504375619586612,201.7176064413263,0,8.190505038156807,0.09974424552429667,0.33011781922321876
Standing,accelerometer,y,27.45901845219145,0.14450557815345164,0.38013889323963107,0.016613456257866754,0.998840678619721,15.226630526557823,0,16.127002901355272,0.15816993464052287,0.856887752529646
Standing,accelerometer,z,22.93112757845796,0.04669011383280976,0.21607895277608544,0.032209472162741004,0.9820877426449659,47.179464290110616,0,7.529341902294747,0.1444141689373297,0.5555830935218732
Standing,gyroscope,x,-0.6898649654791604,0.0017729603981033778,0.04210653628717729,0.0334718294096705,0.7372578931997912,37.18174087684449,0,1.4743992205981808,0.21149897330595482,0.5062995223907448
Standing,gyroscope,y,5.6114263360080985,0.005772900416357712,0.07597960526587193,0.018776626600200404,0.8522842265077625,29.940735547106698,0,2.7064813673205252,0.214123006833713,0.4470769830530097
Standing,gyroscope,z,2.146320315879594,0.003971382681844421,0.06301890733616715,0.02096555923893639,0.8468258173779947,14.931017577055789,0,2.2440470433788895,0.18326693227091634,0.5056849334761472
