activity,sensor,axis,snr_db,mse,rmse,nrmse,correlation,smoothness_improvement,lag_samples,freq_distortion,peak_preservation_ratio,dynamic_range_ratio
Sitting,accelerometer,x,28.11043744096294,0.08309553420622486,0.2882629601704403,0.011362820989947365,0.998559969962874,2.9069603307005307,0,15.836637996817473,0.9954044117647058,0.6814835787062604
Sitting,accelerometer,y,30.175735726414995,0.01196084446536431,0.10936564572736865,0.004784183000447529,0.9995107090944679,1.182610845957725,0,5.741677486924868,1.004863813229572,0.9633431085001849
Sitting,accelerometer,z,29.701344192861846,0.03262828541689845,0.18063301308702806,0.00867794239392888,0.9993982154744268,0.9520674146851722,0,9.341294029821768,0.9844322344322345,0.8819875776355145
Sitting,gyroscope,x,16.053294136853477,0.0005263378099798132,0.022942053307840892,0.006954373831837564,0.9896317873030372,1.023737861696669,0,1.096556094669029,1.0039787798408488,0.8955615685686288
Sitting,gyroscope,y,3.885182368787313,0.008224133864047547,0.09068701044828607,0.016571888959873254,0.7985860902889531,1.8252189218749397,0,4.577832444374627,1.039440203562341,0.5190144616937828
Sitting,gyroscope,z,8.613518586703943,0.0026125796731880624,0.05111340013331203,0.011429208914764786,0.9449808844286831,2.0466457759331624,0,2.677590814712776,1.0176470588235293,0.5273333929038698
